culmen_length_mm,culmen_depth_mm,flipper_length_mm,body_mass_g,sex,island
46.9,14.6,222.0,4875.0,Female,Torgersen
49.8,17.3,198.0,3675.0,Female,Biscoe
46.6,17.8,193.0,3800.0,Female,Biscoe
53.4,15.8,219.0,5500.0,Male,Torgersen
46.7,17.9,195.0,3300.0,Female,Biscoe
42.4,17.3,181.0,3600.0,Female,Biscoe
47.8,15.0,215.0,5650.0,Male,Torgersen
45.1,14.4,210.0,4400.0,Female,Torgersen
39.7,17.9,193.0,4250.0,Male,Biscoe
41.1,19.1,188.0,4100.0,Male,Torgersen
37.9,18.6,172.0,3150.0,Female,Torgersen
48.4,14.4,203.0,4625.0,Female,Torgersen
39.0,17.5,186.0,3550.0,Female,Torgersen
45.7,17.3,193.0,3600.0,Female,Biscoe
46.2,14.5,209.0,4800.0,Female,Torgersen
33.1,16.1,178.0,2900.0,Female,Biscoe
50.5,18.4,200.0,3400.0,Female,Biscoe
42.9,13.1,215.0,5000.0,Female,Torgersen
50.5,15.9,222.0,5550.0,Male,Torgersen
39.6,20.7,191.0,3900.0,Female,Torgersen
46.8,14.3,215.0,4850.0,Female,Torgersen
48.7,14.1,210.0,4450.0,Female,Torgersen
50.0,19.5,196.0,3900.0,Male,Biscoe
45.7,17.0,195.0,3650.0,Female,Biscoe
50.2,18.7,198.0,3775.0,Female,Biscoe
32.1,15.5,188.0,3050.0,Female,Biscoe
41.3,20.3,194.0,3550.0,Male,Biscoe
37.6,19.1,194.0,3750.0,Male,Torgersen
36.2,17.2,187.0,3150.0,Female,Dream
45.5,13.7,214.0,4650.0,Female,Torgersen
42.9,17.6,196.0,4700.0,Male,Dream
47.5,16.8,199.0,3900.0,Female,Biscoe
47.4,14.6,212.0,4725.0,Female,Torgersen
44.1,19.7,196.0,4400.0,Male,Biscoe
46.8,16.5,189.0,3650.0,Female,Biscoe
41.1,17.6,182.0,3200.0,Female,Dream
49.2,18.2,195.0,4400.0,Male,Biscoe
48.7,15.7,208.0,5350.0,Male,Torgersen
37.0,16.5,185.0,3400.0,Female,Biscoe
38.9,17.8,181.0,3625.0,Female,Dream
50.8,15.7,226.0,5200.0,Male,Torgersen
44.5,15.7,217.0,4875.0,Female,Torgersen
37.7,16.0,183.0,3075.0,Female,Torgersen
42.8,14.2,209.0,4700.0,Female,Torgersen
39.7,18.4,190.0,3900.0,Male,Dream
35.7,18.0,202.0,3550.0,Female,Biscoe
36.0,17.8,195.0,3450.0,Female,Biscoe
39.3,20.6,190.0,3650.0,Male,Dream
42.2,19.5,197.0,4275.0,Male,Torgersen
41.4,18.6,191.0,3700.0,Male,Torgersen
43.3,14.0,208.0,4575.0,Female,Torgersen
50.4,15.7,222.0,5750.0,Male,Torgersen
50.4,15.3,224.0,5550.0,Male,Torgersen
37.6,19.3,181.0,3300.0,Female,Biscoe
37.7,19.8,198.0,3500.0,Male,Dream
45.6,19.4,194.0,3525.0,Female,Biscoe
37.3,20.5,199.0,3775.0,Male,Dream
45.4,14.6,211.0,4800.0,Female,Torgersen
46.0,21.5,194.0,4200.0,Male,Dream
40.6,18.8,193.0,3800.0,Male,Torgersen
59.6,17.0,230.0,6050.0,Male,Torgersen
45.7,13.9,214.0,4400.0,Female,Torgersen
38.5,17.9,190.0,3325.0,Female,Dream
49.1,15.0,228.0,5500.0,Male,Torgersen
41.1,18.1,205.0,4300.0,Male,Biscoe
45.2,16.6,191.0,3250.0,Female,Biscoe
39.6,18.8,190.0,4600.0,Male,Biscoe
42.3,21.2,191.0,4150.0,Male,Biscoe
34.6,21.1,198.0,4400.0,Male,Dream
39.2,18.6,190.0,4250.0,Male,Biscoe
35.7,17.0,189.0,3350.0,Female,Dream
52.0,20.7,210.0,4800.0,Male,Biscoe
38.1,17.0,181.0,3175.0,Female,Torgersen
47.7,15.0,216.0,4750.0,Female,Torgersen
47.0,17.3,185.0,3700.0,Female,Biscoe
46.5,14.4,217.0,4900.0,Female,Torgersen
37.2,18.1,178.0,3900.0,Male,Biscoe
45.5,15.0,220.0,5000.0,Male,Torgersen
49.5,16.1,224.0,5650.0,Male,Torgersen
49.6,15.0,216.0,4750.0,Male,Torgersen
34.5,18.1,187.0,2900.0,Female,Torgersen
49.6,18.2,193.0,3775.0,Male,Biscoe
42.2,18.5,180.0,3550.0,Female,Biscoe
39.8,19.1,184.0,4650.0,Male,Biscoe
54.2,20.8,201.0,4300.0,Male,Biscoe
49.8,16.8,230.0,5700.0,Male,Torgersen
48.1,16.4,199.0,3325.0,Female,Biscoe
41.1,19.0,182.0,3425.0,Male,Biscoe
48.1,15.1,209.0,5500.0,Male,Torgersen
46.1,18.2,178.0,3250.0,Female,Biscoe
50.1,15.0,225.0,5000.0,Male,Torgersen
49.3,15.7,217.0,5850.0,Male,Torgersen
52.8,20.0,205.0,4550.0,Male,Biscoe
46.5,14.8,217.0,5200.0,Female,Torgersen
45.8,14.2,219.0,4700.0,Female,Torgersen
45.2,17.8,198.0,3950.0,Female,Biscoe
35.5,17.5,190.0,3700.0,Female,Dream
52.1,17.0,230.0,5550.0,Male,Torgersen
46.1,13.2,211.0,4500.0,Female,Torgersen
49.0,16.1,216.0,5550.0,Male,Torgersen
46.4,15.0,216.0,4700.0,Female,Torgersen
50.5,19.6,201.0,4050.0,Male,Biscoe
35.1,19.4,193.0,4200.0,Male,Dream
36.6,18.4,184.0,3475.0,Female,Biscoe
43.1,19.2,197.0,3500.0,Male,Dream
50.1,17.9,190.0,3400.0,Female,Biscoe
37.3,17.8,191.0,3350.0,Female,Biscoe
40.6,17.2,187.0,3475.0,Male,Biscoe
43.2,16.6,187.0,2900.0,Female,Biscoe
48.5,14.1,220.0,5300.0,Male,Torgersen
49.8,15.9,229.0,5950.0,Male,Torgersen
40.2,17.1,193.0,3400.0,Female,Biscoe
47.2,13.7,214.0,4925.0,Female,Torgersen
45.5,14.5,212.0,4750.0,Female,Torgersen
39.1,18.7,181.0,3750.0,Male,Dream
41.8,19.4,198.0,4450.0,Male,Dream
54.3,15.7,231.0,5650.0,Male,Torgersen
49.7,18.6,195.0,3600.0,Male,Biscoe
38.8,20.0,190.0,3950.0,Male,Biscoe
48.2,14.3,210.0,4600.0,Female,Torgersen
50.9,19.1,196.0,3550.0,Male,Biscoe
37.7,18.7,180.0,3600.0,Male,Torgersen
36.8,18.5,193.0,3500.0,Female,Biscoe
49.1,14.8,220.0,5150.0,Female,Torgersen
40.1,18.9,188.0,4300.0,Male,Torgersen
36.2,16.1,187.0,3550.0,Female,Dream
45.6,20.3,191.0,4600.0,Male,Torgersen
46.4,17.8,191.0,3700.0,Female,Biscoe
51.9,19.5,206.0,3950.0,Male,Biscoe
40.9,13.7,214.0,4650.0,Female,Torgersen
40.9,16.8,191.0,3700.0,Female,Dream
36.7,19.3,193.0,3450.0,Female,Dream
51.5,16.3,230.0,5500.0,Male,Torgersen
39.5,16.7,178.0,3250.0,Female,Biscoe
50.8,18.5,201.0,4450.0,Male,Biscoe
36.4,17.1,184.0,2850.0,Female,Torgersen
42.7,18.3,196.0,4075.0,Male,Torgersen
39.7,17.7,193.0,3200.0,Female,Torgersen
37.2,19.4,184.0,3900.0,Male,Dream
51.1,16.3,220.0,6000.0,Male,Torgersen
44.0,13.6,208.0,4350.0,Female,Torgersen
49.9,16.1,213.0,5400.0,Male,Torgersen
41.1,17.5,190.0,3900.0,Male,Biscoe
50.0,16.3,230.0,5700.0,Male,Torgersen
41.7,14.7,210.0,4700.0,Female,Torgersen
36.7,18.8,187.0,3800.0,Female,Dream
43.5,14.2,220.0,4700.0,Female,Torgersen
41.0,20.0,203.0,4725.0,Male,Torgersen
46.2,14.9,221.0,5300.0,Male,Torgersen
36.5,16.6,181.0,2850.0,Female,Torgersen
39.7,18.9,184.0,3550.0,Male,Torgersen
48.7,15.1,222.0,5350.0,Male,Torgersen
55.1,16.0,230.0,5850.0,Male,Torgersen
43.8,13.9,208.0,4300.0,Female,Torgersen
51.4,19.0,201.0,3950.0,Male,Biscoe
50.0,15.9,224.0,5350.0,Male,Torgersen
37.6,17.0,185.0,3600.0,Female,Torgersen
38.1,17.6,187.0,3425.0,Female,Biscoe
46.3,15.8,215.0,5050.0,Male,Torgersen
40.5,17.9,187.0,3200.0,Female,Torgersen
40.3,18.0,195.0,3250.0,Female,Dream
38.6,17.0,188.0,2900.0,Female,Dream
45.0,15.4,220.0,5050.0,Male,Torgersen
49.5,16.2,229.0,5800.0,Male,Torgersen
49.4,15.8,216.0,4925.0,Male,Torgersen
43.3,13.4,209.0,4400.0,Female,Torgersen
39.6,18.1,186.0,4450.0,Male,Biscoe
38.8,17.2,180.0,3800.0,Male,Torgersen
45.2,14.8,212.0,5200.0,Female,Torgersen
38.8,17.6,191.0,3275.0,Female,Dream
36.5,18.0,182.0,3150.0,Female,Biscoe
43.2,19.0,197.0,4775.0,Male,Torgersen
40.3,18.5,196.0,4350.0,Male,Biscoe
45.9,17.1,190.0,3575.0,Female,Biscoe
50.2,14.3,218.0,5700.0,Male,Torgersen
49.0,19.6,212.0,4300.0,Male,Biscoe
39.5,17.8,188.0,3300.0,Female,Biscoe
52.7,19.8,197.0,3725.0,Male,Biscoe
41.5,18.3,195.0,4300.0,Male,Dream
36.2,17.3,187.0,3300.0,Female,Biscoe
50.0,15.3,220.0,5550.0,Male,Torgersen
50.5,15.9,225.0,5400.0,Male,Torgersen
50.0,15.2,218.0,5700.0,Male,Torgersen
42.8,18.5,195.0,4250.0,Male,Dream
45.8,14.6,210.0,4200.0,Female,Torgersen
38.7,19.0,195.0,3450.0,Female,Dream
49.5,19.0,200.0,3800.0,Male,Biscoe
40.6,18.6,183.0,3550.0,Male,Torgersen
51.3,19.2,193.0,3650.0,Male,Biscoe
33.5,19.0,190.0,3600.0,Female,Dream
39.0,18.7,185.0,3650.0,Male,Biscoe
35.9,19.2,189.0,3800.0,Female,Torgersen
39.6,17.7,186.0,3500.0,Female,Torgersen
46.8,15.4,215.0,5150.0,Male,Torgersen
52.5,15.6,221.0,5450.0,Male,Torgersen
38.3,19.2,189.0,3950.0,Male,Biscoe
44.5,14.7,214.0,4850.0,Female,Torgersen
47.6,14.5,215.0,5400.0,Male,Torgersen
45.1,14.5,207.0,5050.0,Female,Torgersen
39.0,17.1,191.0,3050.0,Female,Dream
38.1,18.6,190.0,3700.0,Female,Biscoe
35.0,17.9,192.0,3725.0,Female,Torgersen
35.0,17.9,190.0,3450.0,Female,Torgersen
43.2,18.5,192.0,4100.0,Male,Biscoe
44.1,18.0,210.0,4000.0,Male,Dream
42.0,19.5,200.0,4050.0,Male,Torgersen
38.2,18.1,185.0,3950.0,Male,Torgersen
45.4,18.7,188.0,3525.0,Female,Biscoe
47.6,18.3,195.0,3850.0,Female,Biscoe
50.5,15.2,216.0,5000.0,Female,Torgersen
40.6,19.0,199.0,4000.0,Male,Dream
47.2,15.5,215.0,4975.0,Female,Torgersen
47.3,15.3,222.0,5250.0,Male,Torgersen
48.4,14.6,213.0,5850.0,Male,Torgersen
36.4,17.0,195.0,3325.0,Female,Biscoe
35.3,18.9,187.0,3800.0,Female,Torgersen
37.8,18.3,174.0,3400.0,Female,Torgersen
36.0,17.1,187.0,3700.0,Female,Biscoe
35.5,16.2,195.0,3350.0,Female,Torgersen
41.5,18.5,201.0,4000.0,Male,Biscoe
46.4,18.6,190.0,3450.0,Female,Biscoe
48.6,16.0,230.0,5800.0,Male,Torgersen
42.5,16.7,187.0,3350.0,Female,Biscoe
41.4,18.5,202.0,3875.0,Male,Dream
37.9,18.6,193.0,2925.0,Female,Torgersen
51.0,18.8,203.0,4100.0,Male,Biscoe
43.5,18.1,202.0,3400.0,Female,Biscoe
49.3,19.9,203.0,4050.0,Male,Biscoe
52.0,18.1,201.0,4050.0,Male,Biscoe
51.3,14.2,218.0,5300.0,Male,Torgersen
48.2,15.6,221.0,5100.0,Male,Torgersen
40.7,17.0,190.0,3725.0,Male,Biscoe
46.8,16.1,215.0,5500.0,Male,Torgersen
45.2,15.8,215.0,5300.0,Male,Torgersen
